"","Especie","Status","n_bird_individuals"
"1","Accipiter_striatus","R",1
"2","Accipiter_superciliosus","R",2
"3","Adelomyia_melanogenys","R",5
"4","Agelaioides_badius","R",15
"5","Agelasticus_cyanopus","R",1
"6","Aglaiocercus_kingi","R",2
"7","Amaurospiza_moesta","R",1
"8","Amazilia_fimbriata","R",7
"9","Amazilia_versicolor","R",4
"10","Amazona_mercenaria","R",1
"11","Amazonetta_brasiliensis","R",2
"12","Amblycercus_holosericeus","R",3
"13","Ammodramus_humeralis","R",89
"14","Ampelion_rubrocristatus","R",3
"15","Ampelion_rufaxilla","R",2
"16","Anabacerthia_amaurotis","R",1
"17","Anabacerthia_striaticollis","R",9
"18","Anabazenops_fuscus","R",8
"19","Anhima_cornuta","R",1
"20","Anhinga_anhinga","R",1
"21","Anisognathus_lacrymosus","R",6
"22","Anisognathus_somptuosus","R",10
"23","Anthus_hellmayri","R",1
"24","Antilophia_galeata","R",13
"25","Anurolimnas_viridis","R",1
"26","Aramides_cajanea","R",2
"27","Aratinga_aurea","R",4
"28","Aratinga_cactorum","R",5
"29","Aratinga_jandaya","R",2
"30","Aratinga_leucophthalma","R",5
"31","Aratinga_pertinax","R",1
"32","Ardea_cocoi","R",1
"33","Arremon_aurantiirostris","R",10
"34","Arremon_brunneinucha","R",13
"35","Arremon_flavirostris","R",4
"36","Arremon_taciturnus","R",12
"37","Arremon_torquatus","R",5
"38","Arundinicola_leucocephala","R",2
"39","Asthenes_baeri","R",13
"40","Athene_cunicularia","R",2
"41","Atlapetes_rufinucha","R",4
"42","Attila_cinnamomeus","R",2
"43","Attila_phoenicurus","M",4
"44","Attila_spadiceus","R",16
"45","Aulacorhynchus_prasinus","R",8
"46","Automolus_infuscatus","R",29
"47","Automolus_leucophthalmus","R",7
"48","Automolus_ochrolaemus","R",14
"49","Automolus_rubiginosus","R",1
"50","Automolus_rufipileatus","R",5
"51","Avocettula_recurvirostris","R",1
"52","Baryphthengus_martii","R",1
"53","Basileuterus_coronatus","R",16
"54","Basileuterus_culicivorus","R",36
"55","Basileuterus_flaveolus","R",112
"56","Basileuterus_hypoleucus","R",24
"57","Basileuterus_leucoblepharus","R",35
"58","Basileuterus_leucomelas","R",1
"59","Basileuterus_leucophrys","R",1
"60","Basileuterus_luteoviridis","R",6
"61","Basileuterus_tristriatus","R",13
"62","Boissonneaua_matthewsii","R",1
"63","Brachygalba_lugubris","R",4
"64","Brotogeris_chiriri","R",6
"65","Bucco_capensis","R",5
"66","Bucco_tamatia","R",4
"67","Busarellus_nigricollis","R",1
"68","Buteo_magnirostris","R",2
"69","Butorides_striata","R",2
"70","Cacicus_cela","R",1
"71","Cacicus_solitarius","R",6
"72","Cacicus_uropygialis","R",6
"73","Calliphlox_amethystina","R",1
"74","Campephilus_melanoleucos","R",1
"75","Campephilus_rubricollis","R",7
"76","Camptostoma_obsoletum","R",80
"77","Campylopterus_largipennis","R",2
"78","Campylorhamphus_falcularius","R",3
"79","Campylorhamphus_procurvoides","R",3
"80","Campylorhamphus_pusillus","R",5
"81","Campylorhamphus_trochilirostris","R",7
"82","Campylorhynchus_turdinus","R",4
"83","Cantorchilus_leucotis","R",1
"84","Cantorchilus_longirostris","R",34
"85","Caprimulgus_maculicaudus","R",3
"86","Caprimulgus_parvulus","R",3
"87","Caprimulgus_sericocaudatus","R",1
"88","Capsiempis_flaveola","R",5
"89","Caracara_plancus","R",4
"90","Carduelis_magellanica","R",1
"91","Carduelis_olivacea","R",2
"92","Caryothraustes_canadensis","R",1
"93","Casiornis_fuscus","PM",29
"94","Casiornis_rufus","PM",13
"95","Casmerodius_albus","R",1
"96","Catamblyrhynchus_diadema","R",4
"97","Catamenia_homochroa","R",1
"98","Catharus_fuscater","R",2
"99","Catharus_fuscescens","M",3
"100","Celeus_elegans","R",6
"101","Celeus_flavescens","R",1
"102","Celeus_grammicus","R",1
"103","Celeus_undatus","R",3
"104","Cephalopterus_ornatus","R",2
"105","Cercomacra_cinerascens","R",5
"106","Cercomacra_melanaria","R",5
"107","Cercomacra_nigrescens","R",9
"108","Cercomacra_serva","R",2
"109","Certhiaxis_cinnamomeus","R",2
"110","Chamaeza_campanisona","R",2
"111","Charitospiza_eucosma","R",4
"112","Chiroxiphia_caudata","R",18
"113","Chiroxiphia_pareola","R",15
"114","Chlorestes_notata","R",1
"115","Chloroceryle_aenea","R",23
"116","Chloroceryle_amazona","R",2
"117","Chloroceryle_americana","R",5
"118","Chloroceryle_inda","R",5
"119","Chlorochrysa_calliparaea","R",1
"120","Chlorophanes_spiza","R",23
"121","Chlorophonia_cyanea","R",4
"122","Chlorornis_riefferii","SI",7
"123","Chlorospingus_ophthalmicus","R",3
"124","Chlorospingus_parvirostris","R",1
"125","Chlorostilbon_mellisugus","R",1
"126","Chordeiles_pusillus","R",1
"127","Chrysuronia_oenone","R",5
"128","Cinclus_leucocephalus","R",2
"129","Cinnycerthia_peruana","R",6
"130","Claravis_pretiosa","R",6
"131","Cnemoscopus_rubrirostris","R",2
"132","Cnemotriccus_fuscatus","R",106
"133","Cnipodectes_subbrunneus","R",4
"134","Coccycua_cinerea","R",2
"135","Coccycua_minuta","R",2
"136","Coccyzus_melacoryphus","M",25
"137","Cochlearius_cochlearius","R",1
"138","Coeligena_coeligena","R",15
"139","Coeligena_torquata","R",6
"140","Coeligena_violifer","R",1
"141","Coereba_flaveola","R",218
"142","Colaptes_campestris","R",5
"143","Colaptes_melanochloros","R",7
"144","Colaptes_rivolii","R",1
"145","Colaptes_rubiginosus","R",2
"146","Colibri_serrirostris","R",3
"147","Colibri_thalassinus","R",1
"148","Columbina_minuta","R",419
"149","Columbina_passerina","R",54
"150","Columbina_picui","R",56
"151","Columbina_sp.","R",1
"152","Columbina_squammata","R",26
"153","Columbina_talpacoti","R",57
"154","Conirostrum_sitticolor","R",1
"155","Conirostrum_speciosum","R",8
"156","Conopias_cinchoneti","R",4
"157","Conopophaga_aurita","R",17
"158","Conopophaga_castaneiceps","R",5
"159","Conopophaga_lineata","R",48
"160","Conopophaga_melanops","R",15
"161","Conopophaga_roberti","R",2
"162","Contopus_cinereus","R",2
"163","Contopus_cooperi","M",1
"164","Contopus_fumigatus","R",2
"165","Coryphistera_alaudina","R",17
"166","Coryphospingus_cucullatus","R",10
"167","Coryphospingus_pileatus","R",63
"168","Corythopis_delalandi","R",3
"169","Corythopis_torquatus","R",11
"170","Cranioleuca_obsoleta","R",1
"171","Cranioleuca_pyrrhophia","R",1
"172","Cranioleuca_semicinerea","R",5
"173","Cranioleuca_vulpina","R",8
"174","Creurgops_verticalis","R",7
"175","Crotophaga_ani","R",21
"176","Crypturellus_obsoletus","R",1
"177","Crypturellus_parvirostris","R",2
"178","Crypturellus_soui","R",1
"179","Crypturellus_undulatus","R",1
"180","Crypturellus_variegatus","R",1
"181","Culicivora_caudacuta","R",2
"182","Cyanerpes_caeruleus","R",9
"183","Cyanerpes_cyaneus","R",2
"184","Cyanocompsa_brissonii","R",8
"185","Cyanocompsa_cyanoides","R",13
"186","Cyanocorax_cyanomelas","R",5
"187","Cyanocorax_cyanopogon","R",13
"188","Cyanocorax_yncas","R",4
"189","Cyanoloxia_brissonii","R",2
"190","Cyclarhis_gujanensis","R",86
"191","Cymbilaimus_lineatus","R",4
"192","Cyphorhinus_arada","R",5
"193","Cyphorhinus_thoracicus","R",4
"194","Cypsnagra_hirundinacea","R",26
"195","Dacnis_cayana","R",33
"196","Dacnis_lineata","R",10
"197","Deconychura_longicauda","R",20
"198","Deconychura_stictolaema","R",23
"199","Dendrexetastes_rufigula","R",1
"200","Dendrocincla_fuliginosa","R",50
"201","Dendrocincla_merula","R",81
"202","Dendrocincla_turdina","R",30
"203","Dendrocincla_tyrannina","R",2
"204","Dendrocolaptes_certhia","R",15
"205","Dendrocolaptes_picumnus","R",8
"206","Dendrocolaptes_platyrostris","R",19
"207","Dendrocygna_autumnalis","R",2
"208","Dendroplex_kienerii","R",1
"209","Dendroplex_picus","R",7
"210","Dichrozona_cincta","R",11
"211","Diglossa_albilatera","R",1
"212","Diglossa_caerulescens","R",3
"213","Diglossa_cyanea","R",3
"214","Diglossa_lafresnayii","R",3
"215","Dixiphia_pipra","R",2
"216","Donacobius_atricapilla","R",6
"217","Donacospiza_albifrons","R",1
"218","Doryfera_johannae","R",3
"219","Doryfera_ludovicae","R",1
"220","Drymophila_caudata","R",4
"221","Drymophila_ferruginea","R",3
"222","Drymophila_ochropyga","R",1
"223","Drymophila_squamata","R",20
"224","Drymornis_bridgesii","R",6
"225","Dryocopus_lineatus","R",6
"226","Dubusia_taeniata","R",2
"227","Dysithamnus_mentalis","R",30
"228","Dysithamnus_plumbeus","R",11
"229","Egretta_caerulea","R",1
"230","Egretta_thula","R",2
"231","Elaenia_albiceps","R",15
"232","Elaenia_chilensis","M",262
"233","Elaenia_chiriquensis","PM",271
"234","Elaenia_cristata","R",338
"235","Elaenia_flavogaster","R",40
"236","Elaenia_mesoleuca","R",18
"237","Elaenia_obscura","R",7
"238","Elaenia_pallatangae","R",1
"239","Elaenia_parvirostris","PM",40
"240","Elaenia_ruficeps","R",1
"241","Elaenia_sp.","SI",10
"242","Elaenia_spectabilis","PM",22
"243","Emberizoides_herbicola","R",14
"244","Empidonomus","R",1
"245","Empidonomus_aurantioatrocristatus","R",5
"246","Empidonomus_varius","PM",20
"247","Entomodestes_leucotis","R",4
"248","Epinecrophylla_haematonota","R",53
"249","Epinecrophylla_leucophthalma","R",22
"250","Epinecrophylla_ornata","R",3
"251","Eubucco_versicolor","R",4
"252","Eucometis_penicillata","R",2
"253","Eupetomena_macroura","R",5
"254","Euphonia_chalybea","R",1
"255","Euphonia_chlorotica","R",12
"256","Euphonia_laniirostris","R",1
"257","Euphonia_mesochrysa","R",4
"258","Euphonia_minuta","R",1
"259","Euphonia_pectoralis","R",1
"260","Euphonia_plumbea","R",3
"261","Euphonia_sp.","R",1
"262","Euphonia_violacea","R",3
"263","Euphonia_xanthogaster","R",6
"264","Euscarthmus_meloryphus","R",12
"265","Euscarthmus_rufomarginatus","R",1
"266","Eutoxeres_condamini","R",5
"267","Falco_femoralis","R",6
"268","Florisuga_fusca","PM",1
"269","Florisuga_mellivora","R",1
"270","Fluvicola_nengeta","R",4
"271","Formicarius_analis","R",5
"272","Formicarius_colma","R",44
"273","Formicarius_rufipectus","R",3
"274","Formicivora_grisea","R",19
"275","Formicivora_melanogaster","R",51
"276","Formicivora_rufa","R",4
"277","Formicivora_serrana","R",2
"278","Forpus_xanthopterygius","R",4
"279","Frederickena_viridis","R",1
"280","Furnarius_figulus","R",1
"281","Furnarius_leucopus","R",22
"282","Furnarius_rufus","R",20
"283","Galbula_albirostris","R",5
"284","Galbula_cyanescens","R",3
"285","Galbula_cyanicollis","R",16
"286","Galbula_ruficauda","R",17
"287","Gallus_gallus","NA",30
"288","Geothlypis_aequinoctialis","R",5
"289","Geothlypis_velata","R",1
"290","Geotrygon_frenata","R",1
"291","Geotrygon_montana","R",35
"292","Geotrygon_violacea","R",1
"293","Glaucidium_brasilianum","R",14
"294","Glaucis_hirsutus","R",15
"295","Glyphorynchus_spirurus","R",141
"296","Gnorimopsar_chopi","R",5
"297","Grallaria_blakei","R",4
"298","Grallaria_carrikeri","R",3
"299","Grallaria_guatimalensis","R",1
"300","Grallaria_hypoleuca","R",1
"301","Grallaria_squamigera","R",1
"302","Grallaricula_ferrugineipectus","R",2
"303","Grallaricula_flavirostris","R",4
"304","Grallaricula_peruviana","R",3
"305","Granatellus_pelzelni","R",3
"306","Gubernatrix_cristata","R",3
"307","Gymnopithys_leucaspis","R",7
"308","Gymnopithys_rufigula","R",10
"309","Gymnopithys_salvini","R",47
"310","Habia_rubica","R",14
"311","Haplophaedia_aureliae","R",8
"312","Haplospiza_rustica","R",2
"313","Haplospiza_unicolor","R",21
"314","Harpagus_bidentatus","R",1
"315","Heliactin_bilophus","R",1
"316","Heliangelus_amethysticollis","R",6
"317","Heliobletus_contaminatus","R",6
"318","Heliodoxa_leadbeateri","R",4
"319","Heliodoxa_rubinoides","R",11
"320","Heliomaster_longirostris","R",1
"321","Hemispingus_atropileus","R",1
"322","Hemispingus_frontalis","R",7
"323","Hemispingus_melanotis","R",2
"324","Hemispingus_superciliaris","R",2
"325","Hemispingus_xanthophthalmus","R",3
"326","Hemithraupis_flavicollis","R",1
"327","Hemithraupis_guira","R",11
"328","Hemithriccus_margaritaceiventer","R",7
"329","Hemitriccus_diops","R",19
"330","Hemitriccus_flammulatus","R",2
"331","Hemitriccus_granadensis","R",2
"332","Hemitriccus_inornatus","R",1
"333","Hemitriccus_kaempferi","R",1
"334","Hemitriccus_margaritaceiventer","R",115
"335","Hemitriccus_minor","R",8
"336","Hemitriccus_obsoletus","R",8
"337","Hemitriccus_striaticollis","R",7
"338","Hemitriccus_zosterops","R",1
"339","Henicorhina_leucophrys","R",17
"340","Henicorhina_leucoptera","R",9
"341","Herpsilochmus_atricapillus","R",4
"342","Herpsilochmus_pectoralis","R",34
"343","Herpsilochmus_sellowi","R",43
"344","Heterocercus_linteatus","R",14
"345","Hydropsalis_albicollis","R",2
"346","Hydropsalis_maculicaudus","R",1
"347","Hydropsalis_parvulus","PM",9
"348","Hydropsalis_torquata","R",40
"349","Hylexetastes_brigidai","R",3
"350","Hylexetastes_perrotii","R",2
"351","Hylexetastes_uniformis","R",1
"352","Hylocharis_chrysura","R",4
"353","Hylocharis_cyanus","R",8
"354","Hylocryptus_rectirostris","R",2
"355","Hyloctistes_subulatus","R",8
"356","Hylophilus_amaurocephalus","R",54
"357","Hylophilus_brunneiceps","R",1
"358","Hylophilus_ochraceiceps","R",20
"359","Hylophilus_pectoralis","R",1
"360","Hylophilus_poicilotis","R",4
"361","Hylophilus_semicinereus","R",1
"362","Hylophilus_sp.","R",1
"363","Hylophylax_naevius","R",21
"364","Hylophylax_punctulatus","R",8
"365","Hypocnemis_cantator","R",8
"366","Hypocnemis_flavescens","R",7
"367","Hypocnemis_hypoxantha","R",2
"368","Hypocnemis_ochrogyna","R",3
"369","Hypocnemis_peruviana","R",5
"370","Hypocnemis_striata","R",32
"371","Hypocnemoides_maculicauda","R",16
"372","Ibycter_americanus","R",1
"373","Icterus_cayanensis","R",6
"374","Icterus_jamacaii","R",3
"375","Ictinia_plumbea","PM",2
"376","Ilicura_militaris","R",11
"377","Inezia_inornata","PM",2
"378","Iridosornis_analis","R",9
"379","Iridosornis_rufivertex","R",8
"380","Jabiru_mycteria","R",1
"381","Jacamerops_aureus","R",6
"382","Jacana_jacana","R",2
"383","Klais_guimeti","R",1
"384","Knipolegus_cyanirostris","R",26
"385","Knipolegus_franciscanus","R",1
"386","Knipolegus_nigerrimus","R",2
"387","Knipolegus_poecilocercus","R",6
"388","Lafresnaya_lafresnayi","R",2
"389","Lanio_cucullatus","R",42
"390","Lanio_fulvus","R",1
"391","Lanio_penicillatus","R",2
"392","Lanio_pileatus","R",190
"393","Lanio_versicolor","R",1
"394","Laniocera_hypopyrra","R",6
"395","Laterallus_viridis","R",1
"396","Lathrotriccus_euleri","PM",50
"397","Lepdocolaptes_angustirrostris","R",1
"398","Lepdocolaptes_wagleri","R",2
"399","Lepidocolapes_wagleri","R",1
"400","Lepidocolaptes_affinis","R",6
"401","Lepidocolaptes_albolineatus","R",2
"402","Lepidocolaptes_angustirostris","R",95
"403","Lepidocolaptes_falcinellus","R",2
"404","Lepidocolaptes_squamatus","R",8
"405","Lepidocolaptes_wagleri","R",2
"406","Lepidothrix_coronata","R",91
"407","Lepidothrix_iris","R",1
"408","Lepidothrix_isidorei","R",2
"409","Lepidothrix_nattereri","R",71
"410","Lepidothrix_serena","R",9
"411","Lepidothrix_vilasboasi","R",3
"412","Leptasthenura_platensis","R",5
"413","Leptopogon_amaurocephalus","R",50
"414","Leptopogon_rufipectus","R",2
"415","Leptopogon_superciliaris","R",8
"416","Leptopogon_taczanowskii","R",7
"417","Leptotila_rufaxilla","R",19
"418","Leptotila_sp.","R",2
"419","Leptotila_verreauxi","R",45
"420","Leucochloris_albicollis","R",1
"421","Leucopternis_albicollis","R",1
"422","Leucopternis_kuhli","R",1
"423","Leucopternis_melanops","R",1
"424","Lipaugus_vociferans","R",9
"425","Lochmias_nematura","R",1
"426","Lophotriccus_galeatus","R",4
"427","Lophotriccus_pileatus","R",7
"428","Machaeropterus_pyrocephalus","R",13
"429","Machaeropterus_regulus","R",13
"430","Mackenziaena_severa","R",1
"431","Malacoptila_fulvogularis","R",3
"432","Malacoptila_fusca","R",2
"433","Malacoptila_rufa","R",20
"434","Malacoptila_striata","R",9
"435","Manacus_manacus","R",35
"436","Margarornis_squamiger","R",5
"437","Mecocerculus_stictopterus","R",1
"438","Megaceryle_torquata","R",3
"439","Megarynchus_pitangua","R",4
"440","Megascops_choliba","R",2
"441","Megascops_ingens","R",4
"442","Megascops_watsonii","R",3
"443","Megastictus_margaritatus","R",10
"444","Melanerpes_cactorum","R",1
"445","Melanerpes_cruentatus","R",1
"446","Melanopareia_torquata","R",4
"447","Mesembrinibis_cayennensis","R",2
"448","Metallura_tyrianthina","R",2
"449","Micrastur_gilvicollis","R",3
"450","Micrastur_mintoni","R",5
"451","Micrastur_ruficollis","R",5
"452","Micrastur_semitorquatus","R",1
"453","Microbates_collaris","R",4
"454","Microcerculus_marginatus","R",22
"455","Micromonacha_lanceolata","R",3
"456","Microrhopias_quixensis","R",5
"457","Mimus_gilvus","R",10
"458","Mimus_saturninus","R",18
"459","Mimus_triurus","M",1
"460","Mionectes_macconnelli","R",32
"461","Mionectes_oleagineus","R",30
"462","Mionectes_olivaceus","R",14
"463","Mionectes_rufiventris","R",9
"464","Mionectes_striaticollis","R",24
"465","Mitrephanes_olivaceus","R",3
"466","Molothrus_bonariensis","R",15
"467","Molothrus_bosiriensis","R",2
"468","Molothrus_rufoaxillaris","R",11
"469","Momotus_momota","R",14
"470","Monasa_morphoeus","R",9
"471","Monasa_nigrifrons","R",5
"472","Myadestes_ralloides","R",11
"473","Mycteria_americana","R",1
"474","Myiarchus_cephalotes","R",3
"475","Myiarchus_ferox","R",22
"476","Myiarchus_swainsoni","PM",112
"477","Myiarchus_tuberculifer","R",5
"478","Myiarchus_tyrannulus","R",103
"479","Myiobius_atricaudus","R",1
"480","Myiobius_barbatus","R",25
"481","Myiobius_sp.","R",1
"482","Myiobius_villosus","R",11
"483","Myioborus_melanocephalus","R",1
"484","Myioborus_miniatus","R",3
"485","Myiodynastes_maculatus","PM",71
"486","Myiopagis_caniceps","R",5
"487","Myiopagis_gaimardii","R",2
"488","Myiopagis_viridicata","PM",58
"489","Myiophobus_fasciatus","PM",28
"490","Myiophobus_flavicans","R",2
"491","Myiopsitta_monachus","R",4
"492","Myiornis_albiventris","R",1
"493","Myiornis_ecaudatus","R",1
"494","Myiotheretes_fumigatus","R",4
"495","Myiothlypis_flaveola","R",2
"496","Myiozetetes_cayanensis","R",3
"497","Myiozetetes_similis","R",7
"498","Myrmeciza_atrothorax","R",1
"499","Myrmeciza_ferruginea","R",1
"500","Myrmeciza_fortis","R",12
"501","Myrmeciza_hemimelaena","R",16
"502","Myrmeciza_loricata","R",5
"503","Myrmeciza_ruficauda","R",2
"504","Myrmoborus_leucophrys","R",3
"505","Myrmoborus_myotherinus","R",58
"506","Myrmorchilus_strigilatus","R",3
"507","Myrmornis_torquata","R",9
"508","Myrmotherula_axillaris","R",73
"509","Myrmotherula_gularis","R",2
"510","Myrmotherula_guttata","R",6
"511","Myrmotherula_gutturalis","R",2
"512","Myrmotherula_hauxwelli","R",40
"513","Myrmotherula_iheringi","R",1
"514","Myrmotherula_longicauda","R",2
"515","Myrmotherula_longipennis","R",49
"516","Myrmotherula_menetriesii","R",12
"517","Myrmotherula_multostriata","R",2
"518","Myrmotherula_schisticolor","R",10
"519","Myrmotherula_unicolor","R",1
"520","Myrmotherula_urosticta","R",3
"521","Nandayus_nenday","R",3
"522","Nemosia_pileata","R",7
"523","Neopelma_pallescens","R",56
"524","Neothraupis_fasciata","R",127
"525","Nonnula_rubecula","R",3
"526","Notharchus_tectus","R",4
"527","Nothocercus_nigrocapillus","R",1
"528","Nyctibius_aethereus","R",2
"529","Nyctibius_bracteatus","R",1
"530","Nyctidromus_albicollis","R",11
"531","Nyctiprogne_leucopyga","R",2
"532","Nystalus_chacuru","R",19
"533","Nystalus_maculatus","R",55
"534","Ochthoeca_cinnamomeiventris","R",1
"535","Ochthoeca_pulchella","R",6
"536","Ochthoeca_rufipectoralis","R",4
"537","Ocreatus_underwoodii","R",3
"538","Odontophorus_speciosus","R",1
"539","Onychorhynchus_coronatus","R",17
"540","Opisthoprora_euryptera","R",1
"541","Ornithion_inerme","R",1
"542","Oryzoborus_angolensis","R",17
"543","Pachyramphus_castaneus","R",1
"544","Pachyramphus_marginatus","R",7
"545","Pachyramphus_minor","R",3
"546","Pachyramphus_polychopterus","PM",49
"547","Pachyramphus_rufus","R",4
"548","Pachyramphus_validus","PM",3
"549","Pachyramphus_versicolor","R",2
"550","Pachyramphus_viridis","R",2
"551","Paroaria_capitata","R",76
"552","Paroaria_coronata","R",18
"553","Paroaria_dominicana","R",15
"554","Parula_pitiayumi","R",1
"555","Passer_domesticus","R",1
"556","Patagioenas_fasciata","PM",1
"557","Patagioenas_maculosa","R",1
"558","Patagioenas_plumbea","R",7
"559","Patagioenas_subvinacea","R",2
"560","Patagioesis_cayennensis","R",1
"561","Penelope_superciliaris","R",2
"562","Percnostola_rufifrons","R",8
"563","Periporphyrus_erythromelas","R",1
"564","Phacellodomus_ruber","R",4
"565","Phacellodomus_rufifrons","R",66
"566","Phaeomyias_murina","PM",38
"567","Phaeomyias_murina","R",47
"568","Phaeothlypis_fulvicauda","R",8
"569","Phaethornis_bourcieri","R",5
"570","Phaethornis_eurynome","R",3
"571","Phaethornis_guy","R",8
"572","Phaethornis_malaris","R",4
"573","Phaethornis_ruber","R",7
"574","Phaethornis_subochraceus","R",2
"575","Phaethornis_superciliosus","R",14
"576","Phaethornis_syrmatophorus","R",8
"577","Phalacrocorax_brasilianus","R",2
"578","Pharomachrus_auriceps","R",1
"579","Pheucticus_aureoventris","M",1
"580","Pheugopedius_genibarbis","R",8
"581","Philohydor_lictor","R",1
"582","Philydor_atricapillus","R",12
"583","Philydor_erythrocercum","R",16
"584","Philydor_lichtensteini","R",1
"585","Philydor_pyrrhodes","R",6
"586","Philydor_ruficaudatum","R",3
"587","Philydor_rufum","R",4
"588","Phimosus_infuscatus","R",2
"589","Phlegopsis_erythroptera","R",10
"590","Phlegopsis_nigromaculata","R",46
"591","Phoenicircus_carnifex","R",7
"592","Phyllomyias_cinereiceps","R",1
"593","Phyllomyias_fasciatus","R",4
"594","Phylloscartes_difficilis","R",1
"595","Phylloscartes_ophthalmicus","SI",1
"596","Phylloscartes_poecilotis","SI",5
"597","Phylloscartes_ventralis","R",7
"598","Phylloscartes_virescens","R",3
"599","Piaya_cayana","R",22
"600","Picoides_fumigatus","SI",1
"601","Piculus_flavigula","R",3
"602","Picumnus_albosquamatus","R",5
"603","Picumnus_cirratus","R",5
"604","Picumnus_fulvescens","R",11
"605","Picumnus_lafresnayi","R",1
"606","Picumnus_limae","R",1
"607","Picumnus_nebulosus","R",3
"608","Picumnus_pygmaeus","R",10
"609","Picumnus_sp.","R",1
"610","Picumnus_steindachneri","R",1
"611","Picumnus_temminckii","R",2
"612","Pionites_leucogaster","R",1
"613","Pionus_menstruus","R",1
"614","Pipile_cujubi","R",1
"615","Pipra_chloromeros","R",9
"616","Pipra_erythrocephala","R",18
"617","Pipra_fasciicauda","R",27
"618","Pipra_pipra","R",45
"619","Pipra_rubrocapilla","R",83
"620","Pipreola_arcuata","R",2
"621","Pipreola_chlorolepidota","R",1
"622","Pipreola_riefferii","R",17
"623","Piprites_chloris","R",8
"624","Piranga_flava","R",6
"625","Pitangus_lictor","R",5
"626","Pitangus_sulphuratus","PM",89
"627","Pithys_albifrons","R",26
"628","Platalea_ajaja","PM",1
"629","Platyrinchus_mystaceus","R",33
"630","Platyrinchus_platyrhynchos","R",16
"631","Platyrinchus_saturatus","R",10
"632","Poecilotriccus_capitalis","R",1
"633","Poecilotriccus_fumifrons","R",3
"634","Poecilotriccus_latirostris","R",6
"635","Poecilotriccus_sylvia","R",1
"636","Polioptila_dumicola","R",4
"637","Polioptila_guianensis","R",1
"638","Polioptila_plumbea","R",56
"639","Polystictus_superciliaris","R",2
"640","Polytmus_theresiae","R",3
"641","Poospiza_cabanisi","R",6
"642","Poospiza_lateralis","R",5
"643","Poospiza_melanoleuca","R",3
"644","Poospiza_nigrorufa","R",1
"645","Poospiza_thoracica","R",1
"646","Premnoplex_brunnescens","R",8
"647","Premnornis_guttuligera","R",16
"648","Procacicus_solitarius","R",3
"649","Procnias_nudicollis","R",1
"650","Progne_tapera","PM",1
"651","Psarocolius_angustifrons","R",3
"652","Psarocolius_bifasciatus","R",3
"653","Psarocolius_decumanus","R",3
"654","Pseudocolaptes_boissonneautii","SI",1
"655","Pseudoseisura_cristata","R",1
"656","Pseudoseisura_lophotes","R",9
"657","Pseudotriccus_pelzelni","R",3
"658","Pseudotriccus_ruficeps","R",6
"659","Psophia_crepitans","R",3
"660","Psophia_viridis","R",2
"661","Pteroglossus_aracari","R",3
"662","Pteroglossus_azara","R",5
"663","Pteroglossus_bitorquatus","R",1
"664","Pteroglossus_viridis","R",4
"665","Pulsatrix_perspicillata","R",1
"666","Pygiptila_stellaris","R",2
"667","Pygochelidon_cyanoleuca","PM",2
"668","Pyriglena_leuconota","R",11
"669","Pyriglena_leucoptera","R",42
"670","Pyrocephalus_rubinus","M",38
"671","Pyroderus_scutatus","R",5
"672","Pyrrhocoma_ruficeps","R",1
"673","Pyrrhomyias_cinnamomeus","R",9
"674","Pyrrhura_lepida","R",4
"675","Ramphastos_ambiguus","R",1
"676","Ramphastos_dicolorus","R",1
"677","Ramphastos_tucanus","R",6
"678","Ramphastos_vitellinus","R",7
"679","Ramphocaenus_melanurus","R",3
"680","Ramphocelus_bresilius","R",1
"681","Ramphocelus_carbo","R",40
"682","Ramphodon_naevius","R",1
"683","Ramphotrigon_ruficauda","R",12
"684","Rhegmatorhina_berlepschi","R",12
"685","Rhegmatorhina_gymnops","R",4
"686","Rhegmatorhina_hoffmannsi","R",11
"687","Rhegmatorhina_melanosticta","R",36
"688","Rhopornis_ardesiacus","R",9
"689","Rhynchocyclus_olivaceus","R",5
"690","Rhytipterna_immunda","R",1
"691","Rhytipterna_simplex","R",17
"692","Rupicola_peruvianus","R",3
"693","Rupornis_magnirostris","R",3
"694","Sakesphorus_cristatus","R",29
"695","Saltator_atricollis","R",6
"696","Saltator_aurantiirostris","R",10
"697","Saltator_coerulescens","R",16
"698","Saltator_grossus","R",5
"699","Saltator_maxillosus","R",4
"700","Saltator_maximus","R",10
"701","Saltator_similis","R",35
"702","Sayornis_nigricans","R",2
"703","Schiffornis_turdina","R",54
"704","Schiffornis_virescens","R",6
"705","Schistes_geoffroyi","R",1
"706","Schistochlamys_melanopis","R",1
"707","Schistochlamys_ruficapillus","R",35
"708","Schistocichla_humaythae","R",1
"709","Schistocichla_leucostigma","R",11
"710","Schoeniophylax_phryganophilus","R",3
"711","Sclateria_naevia","R",3
"712","Sclerurus_albigularis","R",1
"713","Sclerurus_caudacutus","R",10
"714","Sclerurus_mexicanus","R",9
"715","Sclerurus_rufigularis","R",21
"716","Sclerurus_scansor","R",4
"717","Scytalopus_atratus","R",1
"718","Scytalopus_femoralis","R",2
"719","Selenidera_gouldii","R",2
"720","Selenidera_maculirostris","R",1
"721","Selenidera_piperivora","R",2
"722","Selenidera_reinwardtii","R",3
"723","Sericossypha_albocristata","R",6
"724","Serpophaga_munda","PM",4
"725","Serpophaga_subcristata","R",10
"726","Sicalis_citrina","R",1
"727","sicalis_flaveola","R",3
"728","Sicalis_flaveola","R",28
"729","Sicalis_luteola","PM",6
"730","Sirystes_sibilator","R",1
"731","sittasomus_griseicapillus","R",2
"732","Sittasomus_griseicapillus","R",80
"733","Sporophila_albogularis","R",6
"734","Sporophila_americana","R",2
"735","Sporophila_caerulescens","PM",9
"736","Sporophila_collaris","R",2
"737","Sporophila_leucoptera","R",4
"738","Sporophila_minuta","R",1
"739","Sporophila_nigricollis","R",8
"740","Sporophila_palustris","M",1
"741","Sporophila_plumbea","R",35
"742","Sporophila_sp.","NA",2
"743","Sporophila_sp.","SI",1
"744","Stelgidopteryx_ruficollis","PM",4
"745","Stephanophorus_diadematus","R",6
"746","Stephanoxis_lalandi","R",2
"747","Stigmatura_napensis","R",3
"748","Streptoprocne_rutila","R",1
"749","Strix_huhula","R",1
"750","Strix_virgata","R",1
"751","Sublegatus_modestus","PM",18
"752","Suiriri_islerorum","R",16
"753","Suiriri_suiriri","R",51
"754","Synallaxis_albescens","R",32
"755","Synallaxis_albilora","R",3
"756","Synallaxis_azarae","R",2
"757","Synallaxis_cinerea","R",1
"758","Synallaxis_frontalis","R",55
"759","Synallaxis_gujanensis","R",3
"760","Synallaxis_hypospodia","R",4
"761","Synallaxis_ruficapilla","R",7
"762","Synallaxis_rutilans","R",26
"763","Synallaxis_scutata","R",22
"764","Synallaxis_sp.","R",1
"765","Synallaxis_spixi","R",4
"766","Synallaxis_unirufa","R",4
"767","Syndactyla_rufosuperciliata","R",15
"768","Syndactyla_subalaris","R",6
"769","Syrigma_sibilatrix","R",1
"770","Tachornis_squamata","R",1
"771","Tachyphonus_coronatus","R",17
"772","Tachyphonus_cristatus","R",5
"773","Tachyphonus_luctuosus","R",3
"774","Tachyphonus_phoenicius","R",4
"775","Tachyphonus_rufiventer","R",5
"776","Tachyphonus_rufus","R",211
"777","Tachyphonus_surinamus","R",6
"778","Taeniotriccus_andrei","R",3
"779","Tangara_argyrofenges","R",3
"780","Tangara_cayana","R",148
"781","Tangara_chilensis","R",12
"782","Tangara_cyanicollis","R",5
"783","Tangara_cyanoptera","R",2
"784","Tangara_gyrola","R",3
"785","Tangara_labradorides","R",3
"786","Tangara_mexicana","R",1
"787","Tangara_nigrocincta","R",4
"788","Tangara_nigroviridis","R",12
"789","Tangara_palmarum","R",9
"790","Tangara_parzudakii","R",5
"791","Tangara_ruficervix","R",2
"792","Tangara_sayaca","R",83
"793","Tangara_schrankii","R",2
"794","Tangara_vassorii","R",2
"795","Tangara_viridicollis","R",3
"796","Tangara_xanthocephala","R",5
"797","Tangara_xanthogastra","R",1
"798","Tapera_naevia","R",2
"799","Taphrospilus_hypostictus","R",2
"800","Taraba_major","R",39
"801","Terenotriccus_erythrurus","R",13
"802","Tersina_viridis","R",3
"803","Thalurania_furcata","R",28
"804","Thalurania_glaucopis","R",3
"805","Thamnomanes_ardesiacus","R",15
"806","Thamnomanes_caesius","R",57
"807","Thamnomanes_saturninus","R",30
"808","Thamnophilus_aethiops","R",48
"809","Thamnophilus_amazonicus","R",2
"810","Thamnophilus_ambiguus","R",72
"811","Thamnophilus_caerulescens","R",22
"812","Thamnophilus_capistratus","R",6
"813","Thamnophilus_capstratus","R",1
"814","Thamnophilus_doliatus","R",16
"815","Thamnophilus_doliatus_capistratus","R",21
"816","Thamnophilus_murinus","R",14
"817","Thamnophilus_nigrocinereus","R",11
"818","Thamnophilus_palliatus","R",1
"819","Thamnophilus_pelzelni","R",76
"820","Thamnophilus_schistaceus","R",12
"821","Thamnophilus_stictocephalus","R",9
"822","Thamnophilus_torquatus","R",5
"823","Thamnophilus_unicolor","R",6
"824","Theristicus_caudatus","R",1
"825","Thlypopsis_sordida","R",9
"826","Thraupis_bonariensis","R",4
"827","Thraupis_cyanocephala","R",3
"828","Thraupis_episcopus","R",3
"829","Thraupis_palmarum","R",3
"830","Thraupis_sayaca","R",28
"831","Threnetes_leucurus","R",2
"832","Thripadectes_holostictus","R",4
"833","Thryothorus_coraya","R",5
"834","Thryothorus_euophrys","R",4
"835","Thryothorus_genibarbis","R",8
"836","Thryothorus_leucotis","R",12
"837","Thryothorus_longirostris","R",5
"838","Tiaris_fuliginosus","R",6
"839","Tigrisoma_lineatum","R",2
"840","Tityra_semifasciata","R",4
"841","Todirostrum_cinereum","R",9
"842","tolmomyias_flaviventris","R",1
"843","Tolmomyias_flaviventris","R",94
"844","Tolmomyias_sulphurescens","R",29
"845","Topaza_pella","R",3
"846","Trichothraupis_melanops","R",27
"847","Troglodytes_aedon","R",47
"848","Troglodytes_musculus","R",93
"849","Trogon_collaris","R",3
"850","Trogon_curucui","R",18
"851","Trogon_melanurus","R",2
"852","Trogon_personatus","R",4
"853","Trogon_rufus","R",6
"854","Trogon_surrucura","R",2
"855","Trogon_viridis","R",4
"856","Turdus_albicollis","R",82
"857","Turdus_amaurochalinus","PM",299
"858","Turdus_flavipes","M",20
"859","Turdus_fulviventris","R",1
"860","Turdus_fumigatus","R",11
"861","Turdus_hauxwelli","R",1
"862","Turdus_ignobilis","R",2
"863","Turdus_leucomelas","R",261
"864","Turdus_leucops","R",6
"865","Turdus_nigriceps","R",10
"866","Turdus_rufiventris","R",50
"867","Turdus_serranus","R",10
"868","Turdus_subalaris","PM",7
"869","Tyranneutes_stolzmanni","R",6
"870","Tyrannidae","SI",2
"871","Tyrannus_melancholicus","PM",29
"872","Tyrannus_savana","PM",8
"873","Tyto_alba","R",2
"874","Veliniornis_passerinus","R",2
"875","Veniliornis_affinis","R",5
"876","Veniliornis_mixtus","R",19
"877","Veniliornis_nigriceps","R",2
"878","Veniliornis_passerinus","R",36
"879","Veniliornis_spilogaster","R",1
"880","Venilliornis_mixtus","R",1
"881","Vireo_gilvus","M",1
"882","Vireo_olivaceus","M",44
"883","Vireolanius_leucotis","R",3
"884","Volatinia_jacarina","R",218
"885","Willisornis_poecilinotus","R",128
"886","Xenopipo_atronitens","R",7
"887","Xenopipo_unicolor","R",20
"888","Xenops_minutus","R",41
"889","Xenops_rutilans","R",8
"890","Xenopsaris_albinucha","R",4
"891","Xiphocolaptes_albicollis","R",3
"892","Xipholena_lamellipennis","R",1
"893","Xiphorhynchus_elegans","R",47
"894","Xiphorhynchus_fuscus","R",34
"895","Xiphorhynchus_guttatus","R",24
"896","Xiphorhynchus_obsoletus","R",8
"897","Xiphorhynchus_ocellatus","R",18
"898","Xiphorhynchus_pardalotus","R",37
"899","Xiphorhynchus_picus","R",1
"900","Xiphorhynchus_spixii","R",7
"901","Xiphorhynchus_triangularis","R",14
"902","Xolmis_irupero","R",3
"903","Xyphocolaptes_falcirostris","R",1
"904","Zenaida_auriculata","R",13
"905","Zimmerius_viridiflavus","R",1
"906","Zonotrichia_capensis","R",129
